claim_id,section,entity,metric,grain,year,value,unit,comparator_year,comparator_value,change_value,change_unit,evidence_type,comparability,source,source_url,confidence,supports_hypothesis,conclusion_tag,notes
G5-001,baseline,Shopee,market_share_pct,year x entity x metric,2024,46.0,percent,2025,54.0,8.0,percentage_points,OBSERVED,DIRECT,Bisnis.com citing Momentum Works,https://teknologi.bisnis.com/read/20260508/266/1972413/shopee-kuasai-54-pasar-e-commerce-indonesia-transaksi-tembus-rp539-triliun,MEDIUM,none,shopee_strengthened,Indonesia platform GMV share estimate
G5-002,baseline,Shopee,gmv_estimate_usd,year x entity x metric,2024,26000000000,USD,2025,31200000000,5200000000,USD,OBSERVED,DIRECT,Bisnis.com citing Momentum Works,https://teknologi.bisnis.com/read/20260508/266/1972413/shopee-kuasai-54-pasar-e-commerce-indonesia-transaksi-tembus-rp539-triliun,MEDIUM,none,shopee_strengthened,Approx US$26B to US$31.2B
G5-003,baseline,Legacy Tokopedia,market_share_pct,year x entity x metric,2024,23.0,percent,2025,,,,OBSERVED,CONDITIONAL,Bisnis.com citing Momentum Works,https://teknologi.bisnis.com/read/20260508/266/1972413/shopee-kuasai-54-pasar-e-commerce-indonesia-transaksi-tembus-rp539-triliun,MEDIUM,H1,legacy_2024_only,2025 standalone MISSING — do not compare to Combined 38
G5-004,baseline,TikTok Shop Indonesia,market_share_pct,year x entity x metric,2024,11.0,percent,2025,,,,OBSERVED,CONDITIONAL,Bisnis.com citing Momentum Works,https://teknologi.bisnis.com/read/20260508/266/1972413/shopee-kuasai-54-pasar-e-commerce-indonesia-transaksi-tembus-rp539-triliun,MEDIUM,H3,tts_2024_split,2025 standalone share often unpublished when Combined reported
G5-005,baseline,Indonesia market,market_total_gmv_usd,year x market,2024,56500000000,USD,2025,57700000000,1200000000,USD,OBSERVED,DIRECT,Bisnis / Kompas / MW Low Down,https://teknologi.bisnis.com/read/20260508/266/1972413/shopee-kuasai-54-pasar-e-commerce-indonesia-transaksi-tembus-rp539-triliun,MEDIUM,none,market_slow_growth,+2.2% YoY
G5-006,baseline,Combined Tokopedia + TikTok Shop,market_share_pct,year x entity x metric,2024,34.0,percent,2025,38.0,4.0,percentage_points,DERIVED,CONDITIONAL,Derived 23+11 from Bisnis/MW 2024 split,https://teknologi.bisnis.com/read/20260508/266/1972413/shopee-kuasai-54-pasar-e-commerce-indonesia-transaksi-tembus-rp539-triliun,MEDIUM,H2,additive_combined_baseline,Additive only if no MW overlap; NOT Legacy Tokopedia
G5-007,structural_break,Combined under PT Tokopedia,transaction_completion,event,2024,1,binary_flag,,,,,OBSERVED,DIRECT,GoTo official press release,https://www.gotocompany.com/en/news/press/goto-and-tiktok-announce-transaction-completion-formalizing-strategic-partnership-for-indonesia,HIGH,H2,structural_break_start,31 Jan 2024 completion; TikTok controlling stake
G5-008,structural_break,TikTok Shop Indonesia,transaction_functionality_paused,event,2023,1,binary_flag,,,,,OBSERVED,DIRECT,TikTok Newsroom Indonesia,https://newsroom.tiktok.com/in-id/informasi-terkini-dari-tiktok-shop-indonesia,HIGH,H3,regulatory_shock,4 Oct 2023 17:00 WIB
G5-009,2025_position,Shopee,market_share_pct,year x entity x metric,2025,54.0,percent,2024,46.0,8.0,percentage_points,OBSERVED,DIRECT,Bisnis.com citing Momentum Works,https://teknologi.bisnis.com/read/20260508/266/1972413/shopee-kuasai-54-pasar-e-commerce-indonesia-transaksi-tembus-rp539-triliun,MEDIUM,none,endstate_leader,Clear #1
G5-010,2025_position,Combined Tokopedia + TikTok Shop,market_share_pct,year x entity x metric,2025,38.0,percent,2024,34.0,4.0,percentage_points,OBSERVED,NOT COMPARABLE,Bisnis.com citing Momentum Works,https://teknologi.bisnis.com/read/20260508/266/1972413/shopee-kuasai-54-pasar-e-commerce-indonesia-transaksi-tembus-rp539-triliun,MEDIUM,H2,endstate_combined_number_two,NOT COMPARABLE to Legacy Tokopedia 2024; comparator is additive baseline
G5-011,2025_position,Combined Tokopedia + TikTok Shop,gmv_estimate_usd,year x entity x metric,2025,21900000000,USD,2024,19210000000,2690000000,USD,OBSERVED,NOT COMPARABLE,Bisnis.com citing Momentum Works,https://teknologi.bisnis.com/read/20260508/266/1972413/shopee-kuasai-54-pasar-e-commerce-indonesia-transaksi-tembus-rp539-triliun,MEDIUM,H2,combined_gmv_only,Not Legacy Tokopedia GMV
G5-012,2025_position,TikTok Shop Indonesia,gmv_estimate_usd,year x entity x metric,2025,13100000000,USD,2024,6215000000,6885000000,USD,OBSERVED,CONDITIONAL,Digital in Asia / Kompas citing MW,https://digitalinasia.com/tiktok-shop-shopee-gmv-tracker/,MEDIUM,H3,tts_labeled_gmv,2025 OBSERVED TTS-labeled; 2024 comparator DERIVED; additivity to Combined unproven
G5-013,2025_position,Legacy Tokopedia,market_share_pct,year x entity x metric,2025,,percent,2024,23.0,,percentage_points,UNKNOWN,NOT COMPARABLE,Gate 3B search — keep missing,n/a,HIGH,H1,legacy_2025_share_missing,KEEP MISSING — no fabricated fill
G5-014,2025_position,Legacy Tokopedia,gmv_estimate_usd,year x entity x metric,2025,,USD,2024,12995000000,,USD,UNKNOWN,NOT COMPARABLE,Gate 3B search — keep missing,n/a,HIGH,H1,legacy_2025_gmv_missing,Do not use Combined-TTS residual
G5-015,access,Shopee,internet_user_access_share_pct,year x entity x metric,2024,41.65,percent,2025,53.22,11.57,percentage_points,OBSERVED,DIRECT,Kompas summarizing APJII 2025,https://tekno.kompas.com/read/2025/08/11/10230017/6-platform-toko-online-paling-banyak-diakses-di-indonesia,MEDIUM,none,access_not_gmv,APJII access is not GMV
G5-016,access,TikTok Shop Indonesia,internet_user_access_share_pct,year x entity x metric,2024,12.2,percent,2025,27.37,15.17,percentage_points,OBSERVED,CONDITIONAL,Kompas summarizing APJII 2025,https://tekno.kompas.com/read/2025/08/11/10230017/6-platform-toko-online-paling-banyak-diakses-di-indonesia,MEDIUM,H3,tts_access_surge,Strong attention growth; branding caveat
G5-017,access,Legacy Tokopedia,internet_user_access_share_pct,year x entity x metric,2024,9.4,percent,2025,9.57,0.17,percentage_points,OBSERVED,CONDITIONAL,Kompas summarizing APJII 2025,https://tekno.kompas.com/read/2025/08/11/10230017/6-platform-toko-online-paling-banyak-diakses-di-indonesia,MEDIUM,H1,legacy_access_flat,Against material Legacy attention comeback
G5-018,qualitative,Indonesia market,tokopedia_gmv_rationalisation_noted,year x market flag,2025,1,binary_flag,,,,,OBSERVED,CONDITIONAL,Momentum Works Low Down; Kompas quoting MW CEO,https://thelowdown.momentum.asia/new-report-southeast-asias-platform-ecommerce-reaches-us157-6b-in-2025-with-top-platforms-expanding-share-to-98-8/,HIGH,H1,against_legacy_boom,PRIMARY qualitative against H1
G5-019,structure,Combined Tokopedia + TikTok Shop,seller_center_integrated,event,2025,1,binary_flag,,,,,OBSERVED,CONDITIONAL,TikTok Newsroom Indonesia,https://newsroom.tiktok.com/in-id/tokopedia-dan-tiktok-shop-seller-center-resmi-diluncurkan,HIGH,H2,hybrid_capability,Capability is not Legacy GMV recovery
G5-020,structure,GoTo,ecommerce_service_fee_idr,year x company metric,2025,820000000000,IDR,2024,622000000000,198000000000,IDR,OBSERVED,NOT COMPARABLE,Kontan citing GoTo CFO,https://investasi.kontan.co.id/news/berapa-kontribusi-cuan-tokopedia-ke-keuangan-goto-di-2025,HIGH,H2,fee_on_combined_gmv,Fee is not platform GMV; 2024 partial year
G5-021,hypothesis,Legacy Tokopedia,h1_status,gate_conclusion,2025,UNSUPPORTED,status_label,,,,,INFERRED,NOT COMPARABLE,Gate 5 synthesis from G5-013 G5-014 G5-017 G5-018,research/hypothesis_evidence_matrix.md,MEDIUM,H1,H1_UNSUPPORTED,Involvement in Combined is not Legacy recovery
G5-022,hypothesis,Combined Tokopedia + TikTok Shop,h2_status,gate_conclusion,2025,PARTIALLY_SUPPORTED,status_label,,,,,INFERRED,CONDITIONAL,Gate 5 synthesis from G5-007 G5-010 G5-019 G5-020,research/hypothesis_evidence_matrix.md,MEDIUM,H2,H2_PARTIAL_STRUCTURE,Structure yes; dual material GMV contribution not proven
G5-023,hypothesis,TikTok Shop Indonesia,h3_status,gate_conclusion,2025,PARTIALLY_SUPPORTED,status_label,,,,,INFERRED,CONDITIONAL,Gate 5 synthesis from G5-012 G5-016 G5-008 G5-018,research/hypothesis_evidence_matrix.md,MEDIUM,H3,H3_STRONGEST_PARTIAL,Strongest of three; Combined split still UNKNOWN
G5-024,end_state,Shopee,competitive_rank_gmv_share,year x entity,2025,1,rank,,,,,INFERRED,DIRECT,Derived from OBSERVED shares G5-009 vs G5-010,research/2025_competitive_end_state.md,MEDIUM,none,shopee_rank_1,Based on published GMV-share concepts
G5-025,end_state,Combined Tokopedia + TikTok Shop,competitive_rank_gmv_share,year x entity,2025,2,rank,,,,,INFERRED,NOT COMPARABLE,Derived from OBSERVED Combined share G5-010,research/2025_competitive_end_state.md,MEDIUM,H2,combined_rank_2_not_legacy,Rank is Combined entity not Legacy Tokopedia
G5-026,unknown,Combined Tokopedia + TikTok Shop,combined_gmv_split_legacy_vs_tts,year x entity split,2025,,USD,,,,,UNKNOWN,NOT COMPARABLE,Not disclosed in free MW reproductions,n/a,HIGH,H2;H3,combined_split_unknown,Blocks full H2/H3 GMV attribution
