indicator_code,indicator_name,country,country_iso3,year,value,source,source_url
NY.GDP.MKTP.CD,GDP (current US$),Indonesia,IDN,2025,1445642584163.81,World Bank Open Data API,https://api.worldbank.org/v2/country/IDN/indicator/NY.GDP.MKTP.CD?format=json&date=2015:2025&per_page=100
NY.GDP.MKTP.CD,GDP (current US$),Indonesia,IDN,2024,1396301788461.69,World Bank Open Data API,https://api.worldbank.org/v2/country/IDN/indicator/NY.GDP.MKTP.CD?format=json&date=2015:2025&per_page=100
NY.GDP.MKTP.CD,GDP (current US$),Indonesia,IDN,2023,1371166925749.88,World Bank Open Data API,https://api.worldbank.org/v2/country/IDN/indicator/NY.GDP.MKTP.CD?format=json&date=2015:2025&per_page=100
NY.GDP.MKTP.CD,GDP (current US$),Indonesia,IDN,2022,1319101183380.15,World Bank Open Data API,https://api.worldbank.org/v2/country/IDN/indicator/NY.GDP.MKTP.CD?format=json&date=2015:2025&per_page=100
NY.GDP.MKTP.CD,GDP (current US$),Indonesia,IDN,2021,1186509691086.73,World Bank Open Data API,https://api.worldbank.org/v2/country/IDN/indicator/NY.GDP.MKTP.CD?format=json&date=2015:2025&per_page=100
NY.GDP.MKTP.CD,GDP (current US$),Indonesia,IDN,2020,1059054842698.48,World Bank Open Data API,https://api.worldbank.org/v2/country/IDN/indicator/NY.GDP.MKTP.CD?format=json&date=2015:2025&per_page=100
NY.GDP.MKTP.CD,GDP (current US$),Indonesia,IDN,2019,1119099871350.2,World Bank Open Data API,https://api.worldbank.org/v2/country/IDN/indicator/NY.GDP.MKTP.CD?format=json&date=2015:2025&per_page=100
NY.GDP.MKTP.CD,GDP (current US$),Indonesia,IDN,2018,1042271532988.63,World Bank Open Data API,https://api.worldbank.org/v2/country/IDN/indicator/NY.GDP.MKTP.CD?format=json&date=2015:2025&per_page=100
NY.GDP.MKTP.CD,GDP (current US$),Indonesia,IDN,2017,1015618744159.73,World Bank Open Data API,https://api.worldbank.org/v2/country/IDN/indicator/NY.GDP.MKTP.CD?format=json&date=2015:2025&per_page=100
NY.GDP.MKTP.CD,GDP (current US$),Indonesia,IDN,2016,931877364037.698,World Bank Open Data API,https://api.worldbank.org/v2/country/IDN/indicator/NY.GDP.MKTP.CD?format=json&date=2015:2025&per_page=100
NY.GDP.MKTP.CD,GDP (current US$),Indonesia,IDN,2015,860854232686.214,World Bank Open Data API,https://api.worldbank.org/v2/country/IDN/indicator/NY.GDP.MKTP.CD?format=json&date=2015:2025&per_page=100
NY.GDP.MKTP.KD.ZG,GDP growth (annual %),Indonesia,IDN,2025,5.10808904438025,World Bank Open Data API,https://api.worldbank.org/v2/country/IDN/indicator/NY.GDP.MKTP.KD.ZG?format=json&date=2015:2025&per_page=100
NY.GDP.MKTP.KD.ZG,GDP growth (annual %),Indonesia,IDN,2024,5.03257477088519,World Bank Open Data API,https://api.worldbank.org/v2/country/IDN/indicator/NY.GDP.MKTP.KD.ZG?format=json&date=2015:2025&per_page=100
NY.GDP.MKTP.KD.ZG,GDP growth (annual %),Indonesia,IDN,2023,5.04883117855516,World Bank Open Data API,https://api.worldbank.org/v2/country/IDN/indicator/NY.GDP.MKTP.KD.ZG?format=json&date=2015:2025&per_page=100
NY.GDP.MKTP.KD.ZG,GDP growth (annual %),Indonesia,IDN,2022,5.30719722664799,World Bank Open Data API,https://api.worldbank.org/v2/country/IDN/indicator/NY.GDP.MKTP.KD.ZG?format=json&date=2015:2025&per_page=100
NY.GDP.MKTP.KD.ZG,GDP growth (annual %),Indonesia,IDN,2021,3.70288562827751,World Bank Open Data API,https://api.worldbank.org/v2/country/IDN/indicator/NY.GDP.MKTP.KD.ZG?format=json&date=2015:2025&per_page=100
NY.GDP.MKTP.KD.ZG,GDP growth (annual %),Indonesia,IDN,2020,-2.06551182934165,World Bank Open Data API,https://api.worldbank.org/v2/country/IDN/indicator/NY.GDP.MKTP.KD.ZG?format=json&date=2015:2025&per_page=100
NY.GDP.MKTP.KD.ZG,GDP growth (annual %),Indonesia,IDN,2019,5.01928768046282,World Bank Open Data API,https://api.worldbank.org/v2/country/IDN/indicator/NY.GDP.MKTP.KD.ZG?format=json&date=2015:2025&per_page=100
NY.GDP.MKTP.KD.ZG,GDP growth (annual %),Indonesia,IDN,2018,5.17429153955024,World Bank Open Data API,https://api.worldbank.org/v2/country/IDN/indicator/NY.GDP.MKTP.KD.ZG?format=json&date=2015:2025&per_page=100
NY.GDP.MKTP.KD.ZG,GDP growth (annual %),Indonesia,IDN,2017,5.06978590134916,World Bank Open Data API,https://api.worldbank.org/v2/country/IDN/indicator/NY.GDP.MKTP.KD.ZG?format=json&date=2015:2025&per_page=100
NY.GDP.MKTP.KD.ZG,GDP growth (annual %),Indonesia,IDN,2016,5.03306918280177,World Bank Open Data API,https://api.worldbank.org/v2/country/IDN/indicator/NY.GDP.MKTP.KD.ZG?format=json&date=2015:2025&per_page=100
NY.GDP.MKTP.KD.ZG,GDP growth (annual %),Indonesia,IDN,2015,4.87632230022123,World Bank Open Data API,https://api.worldbank.org/v2/country/IDN/indicator/NY.GDP.MKTP.KD.ZG?format=json&date=2015:2025&per_page=100
NE.CON.PRVT.ZS,Households and NPISHs final consumption expenditure (% of GDP),Indonesia,IDN,2025,55.2297591328854,World Bank Open Data API,https://api.worldbank.org/v2/country/IDN/indicator/NE.CON.PRVT.ZS?format=json&date=2015:2025&per_page=100
NE.CON.PRVT.ZS,Households and NPISHs final consumption expenditure (% of GDP),Indonesia,IDN,2024,55.4023074418699,World Bank Open Data API,https://api.worldbank.org/v2/country/IDN/indicator/NE.CON.PRVT.ZS?format=json&date=2015:2025&per_page=100
NE.CON.PRVT.ZS,Households and NPISHs final consumption expenditure (% of GDP),Indonesia,IDN,2023,54.4301619794382,World Bank Open Data API,https://api.worldbank.org/v2/country/IDN/indicator/NE.CON.PRVT.ZS?format=json&date=2015:2025&per_page=100
NE.CON.PRVT.ZS,Households and NPISHs final consumption expenditure (% of GDP),Indonesia,IDN,2022,53.0450710420578,World Bank Open Data API,https://api.worldbank.org/v2/country/IDN/indicator/NE.CON.PRVT.ZS?format=json&date=2015:2025&per_page=100
NE.CON.PRVT.ZS,Households and NPISHs final consumption expenditure (% of GDP),Indonesia,IDN,2021,55.6288131852593,World Bank Open Data API,https://api.worldbank.org/v2/country/IDN/indicator/NE.CON.PRVT.ZS?format=json&date=2015:2025&per_page=100
NE.CON.PRVT.ZS,Households and NPISHs final consumption expenditure (% of GDP),Indonesia,IDN,2020,58.9338922834343,World Bank Open Data API,https://api.worldbank.org/v2/country/IDN/indicator/NE.CON.PRVT.ZS?format=json&date=2015:2025&per_page=100
NE.CON.PRVT.ZS,Households and NPISHs final consumption expenditure (% of GDP),Indonesia,IDN,2019,57.9304645761067,World Bank Open Data API,https://api.worldbank.org/v2/country/IDN/indicator/NE.CON.PRVT.ZS?format=json&date=2015:2025&per_page=100
NE.CON.PRVT.ZS,Households and NPISHs final consumption expenditure (% of GDP),Indonesia,IDN,2018,56.9798956322201,World Bank Open Data API,https://api.worldbank.org/v2/country/IDN/indicator/NE.CON.PRVT.ZS?format=json&date=2015:2025&per_page=100
NE.CON.PRVT.ZS,Households and NPISHs final consumption expenditure (% of GDP),Indonesia,IDN,2017,57.2755729741479,World Bank Open Data API,https://api.worldbank.org/v2/country/IDN/indicator/NE.CON.PRVT.ZS?format=json&date=2015:2025&per_page=100
NE.CON.PRVT.ZS,Households and NPISHs final consumption expenditure (% of GDP),Indonesia,IDN,2016,57.8268008139293,World Bank Open Data API,https://api.worldbank.org/v2/country/IDN/indicator/NE.CON.PRVT.ZS?format=json&date=2015:2025&per_page=100
NE.CON.PRVT.ZS,Households and NPISHs final consumption expenditure (% of GDP),Indonesia,IDN,2015,57.4500178976656,World Bank Open Data API,https://api.worldbank.org/v2/country/IDN/indicator/NE.CON.PRVT.ZS?format=json&date=2015:2025&per_page=100
FP.CPI.TOTL.ZG,"Inflation, consumer prices (annual %)",Indonesia,IDN,2025,1.9133344329508,World Bank Open Data API,https://api.worldbank.org/v2/country/IDN/indicator/FP.CPI.TOTL.ZG?format=json&date=2015:2025&per_page=100
FP.CPI.TOTL.ZG,"Inflation, consumer prices (annual %)",Indonesia,IDN,2024,2.18151273615189,World Bank Open Data API,https://api.worldbank.org/v2/country/IDN/indicator/FP.CPI.TOTL.ZG?format=json&date=2015:2025&per_page=100
FP.CPI.TOTL.ZG,"Inflation, consumer prices (annual %)",Indonesia,IDN,2023,3.66938654859761,World Bank Open Data API,https://api.worldbank.org/v2/country/IDN/indicator/FP.CPI.TOTL.ZG?format=json&date=2015:2025&per_page=100
FP.CPI.TOTL.ZG,"Inflation, consumer prices (annual %)",Indonesia,IDN,2022,4.20946463714784,World Bank Open Data API,https://api.worldbank.org/v2/country/IDN/indicator/FP.CPI.TOTL.ZG?format=json&date=2015:2025&per_page=100
FP.CPI.TOTL.ZG,"Inflation, consumer prices (annual %)",Indonesia,IDN,2021,1.56007882983334,World Bank Open Data API,https://api.worldbank.org/v2/country/IDN/indicator/FP.CPI.TOTL.ZG?format=json&date=2015:2025&per_page=100
FP.CPI.TOTL.ZG,"Inflation, consumer prices (annual %)",Indonesia,IDN,2020,1.91983527270793,World Bank Open Data API,https://api.worldbank.org/v2/country/IDN/indicator/FP.CPI.TOTL.ZG?format=json&date=2015:2025&per_page=100
FP.CPI.TOTL.ZG,"Inflation, consumer prices (annual %)",Indonesia,IDN,2019,3.03058460941661,World Bank Open Data API,https://api.worldbank.org/v2/country/IDN/indicator/FP.CPI.TOTL.ZG?format=json&date=2015:2025&per_page=100
FP.CPI.TOTL.ZG,"Inflation, consumer prices (annual %)",Indonesia,IDN,2018,3.19834755924996,World Bank Open Data API,https://api.worldbank.org/v2/country/IDN/indicator/FP.CPI.TOTL.ZG?format=json&date=2015:2025&per_page=100
FP.CPI.TOTL.ZG,"Inflation, consumer prices (annual %)",Indonesia,IDN,2017,3.80879857691949,World Bank Open Data API,https://api.worldbank.org/v2/country/IDN/indicator/FP.CPI.TOTL.ZG?format=json&date=2015:2025&per_page=100
FP.CPI.TOTL.ZG,"Inflation, consumer prices (annual %)",Indonesia,IDN,2016,3.52580452815451,World Bank Open Data API,https://api.worldbank.org/v2/country/IDN/indicator/FP.CPI.TOTL.ZG?format=json&date=2015:2025&per_page=100
FP.CPI.TOTL.ZG,"Inflation, consumer prices (annual %)",Indonesia,IDN,2015,6.36312061196646,World Bank Open Data API,https://api.worldbank.org/v2/country/IDN/indicator/FP.CPI.TOTL.ZG?format=json&date=2015:2025&per_page=100
IT.NET.USER.ZS,Individuals using the Internet (% of population),Indonesia,IDN,2025,,World Bank Open Data API,https://api.worldbank.org/v2/country/IDN/indicator/IT.NET.USER.ZS?format=json&date=2015:2025&per_page=100
IT.NET.USER.ZS,Individuals using the Internet (% of population),Indonesia,IDN,2024,72.78075544,World Bank Open Data API,https://api.worldbank.org/v2/country/IDN/indicator/IT.NET.USER.ZS?format=json&date=2015:2025&per_page=100
IT.NET.USER.ZS,Individuals using the Internet (% of population),Indonesia,IDN,2023,69.20836554,World Bank Open Data API,https://api.worldbank.org/v2/country/IDN/indicator/IT.NET.USER.ZS?format=json&date=2015:2025&per_page=100
IT.NET.USER.ZS,Individuals using the Internet (% of population),Indonesia,IDN,2022,66.48461277,World Bank Open Data API,https://api.worldbank.org/v2/country/IDN/indicator/IT.NET.USER.ZS?format=json&date=2015:2025&per_page=100
IT.NET.USER.ZS,Individuals using the Internet (% of population),Indonesia,IDN,2021,62.10447842,World Bank Open Data API,https://api.worldbank.org/v2/country/IDN/indicator/IT.NET.USER.ZS?format=json&date=2015:2025&per_page=100
IT.NET.USER.ZS,Individuals using the Internet (% of population),Indonesia,IDN,2020,53.72649449,World Bank Open Data API,https://api.worldbank.org/v2/country/IDN/indicator/IT.NET.USER.ZS?format=json&date=2015:2025&per_page=100
IT.NET.USER.ZS,Individuals using the Internet (% of population),Indonesia,IDN,2019,47.6906489788375,World Bank Open Data API,https://api.worldbank.org/v2/country/IDN/indicator/IT.NET.USER.ZS?format=json&date=2015:2025&per_page=100
IT.NET.USER.ZS,Individuals using the Internet (% of population),Indonesia,IDN,2018,39.9046386385762,World Bank Open Data API,https://api.worldbank.org/v2/country/IDN/indicator/IT.NET.USER.ZS?format=json&date=2015:2025&per_page=100
IT.NET.USER.ZS,Individuals using the Internet (% of population),Indonesia,IDN,2017,32.335806250688,World Bank Open Data API,https://api.worldbank.org/v2/country/IDN/indicator/IT.NET.USER.ZS?format=json&date=2015:2025&per_page=100
IT.NET.USER.ZS,Individuals using the Internet (% of population),Indonesia,IDN,2016,25.447353701827,World Bank Open Data API,https://api.worldbank.org/v2/country/IDN/indicator/IT.NET.USER.ZS?format=json&date=2015:2025&per_page=100
IT.NET.USER.ZS,Individuals using the Internet (% of population),Indonesia,IDN,2015,22.062742603379,World Bank Open Data API,https://api.worldbank.org/v2/country/IDN/indicator/IT.NET.USER.ZS?format=json&date=2015:2025&per_page=100
